First Name,Last Name,e-mail address
Catherine,Garcia,CatherinePGarcia@armyspy.com
John,Harrington,JohnDHarrington@jourrapide.com
Harry,Dorn,HarryNDorn@jourrapide.com
Elisha,Frew,ElishaJFrew@teleworm.us
Mildred,Carpenter,MildredCCarpenter@jourrapide.com
